ano, rodada, golMandante, golVisitante
2012,1,1,1
2012,1,1,1
2012,1,2,1
2012,1,0,1
2012,1,0,1
2012,1,4,2
2012,1,2,0
2012,1,2,1
2012,1,0,0
2012,1,0,0
2012,2,1,1
2012,2,3,3
2012,2,0,1
2012,2,0,0
2012,2,0,0
2012,2,1,0
2012,2,2,3
2012,2,1,0
2012,2,1,0
2012,2,2,2
2012,3,0,1
2012,3,2,1
2012,3,4,2
2012,3,1,1
2012,3,2,0
2012,3,2,2
2012,3,1,0
2012,3,1,1
2012,3,1,1
2012,3,2,3
2012,4,3,1
2012,4,0,1
2012,4,2,0
2012,4,2,0
2012,4,0,0
2012,4,1,2
2012,4,3,2
2012,4,0,0
2012,4,1,0
2012,4,1,0
2012,5,1,2
2012,5,1,0
2012,5,4,1
2012,5,1,0
2012,5,1,1
2012,5,2,1
2012,5,1,0
2012,5,1,0
2012,5,3,0
2012,5,1,0
2012,6,1,3
2012,6,1,0
2012,6,5,1
2012,6,2,1
2012,6,2,0
2012,6,1,1
2012,6,0,2
2012,6,1,2
2012,6,2,2
2012,6,1,4
2012,7,0,2
2012,7,2,3
2012,7,3,2
2012,7,2,3
2012,7,0,0
2012,7,1,1
2012,7,0,1
2012,7,3,1
2012,7,3,2
2012,7,1,3
2012,8,3,0
2012,8,2,1
2012,8,0,1
2012,8,1,1
2012,8,1,0
2012,8,4,2
2012,8,3,1
2012,8,1,0
2012,8,1,1
2012,8,2,0
2012,9,3,4
2012,9,2,1
2012,9,4,1
2012,9,1,2
2012,9,0,0
2012,9,1,3
2012,9,1,1
2012,9,1,1
2012,9,1,0
2012,9,2,1
2012,10,0,0
2012,10,3,1
2012,10,0,2
2012,10,3,0
2012,10,0,1
2012,10,3,1
2012,10,0,3
2012,10,4,0
2012,10,1,1
2012,10,3,2
2012,11,1,4
2012,11,2,0
2012,11,1,1
2012,11,4,1
2012,11,1,0
2012,11,0,2
2012,11,3,0
2012,11,2,2
2012,11,0,1
2012,11,1,2
2012,12,0,1
2012,12,1,1
2012,12,1,0
2012,12,3,4
2012,12,2,0
2012,12,1,0
2012,12,4,3
2012,12,2,0
2012,12,0,0
2012,12,0,2
2012,13,2,1
2012,13,0,0
2012,13,1,0
2012,13,0,0
2012,13,4,1
2012,13,0,0
2012,13,0,0
2012,13,2,1
2012,13,3,1
2012,13,2,1
2012,14,0,1
2012,14,1,2
2012,14,2,0
2012,14,0,0
2012,14,3,1
2012,14,0,2
2012,14,1,0
2012,14,1,2
2012,14,3,0
2012,14,2,1
2012,15,0,2
2012,15,0,0
2012,15,0,0
2012,15,1,1
2012,15,4,2
2012,15,0,2
2012,15,1,2
2012,15,2,1
2012,15,1,0
2012,15,0,0
2012,16,0,1
2012,16,0,1
2012,16,2,2
2012,16,2,0
2012,16,2,1
2012,16,1,2
2012,16,1,0
2012,16,1,2
2012,16,1,0
2012,16,1,1
2012,17,1,2
2012,17,1,1
2012,17,1,1
2012,17,0,2
2012,17,3,0
2012,17,2,0
2012,17,1,0
2012,17,2,2
2012,17,1,0
2012,17,1,3
2012,18,1,0
2012,18,1,0
2012,18,3,0
2012,18,3,2
2012,18,3,2
2012,18,4,0
2012,18,4,0
2012,18,2,1
2012,18,1,1
2012,18,1,0
2012,19,1,2
2012,19,1,2
2012,19,2,1
2012,19,0,1
2012,19,0,0
2012,19,1,2
2012,19,3,1
2012,19,2,2
2012,19,0,0
2012,19,1,1
2012,20,1,0
2012,20,1,3
2012,20,3,2
2012,20,2,2
2012,20,3,0
2012,20,1,1
2012,20,2,0
2012,20,0,2
2012,20,1,1
2012,20,4,0
2012,21,0,0
2012,21,2,2
2012,21,2,0
2012,21,1,0
2012,21,2,1
2012,21,4,1
2012,21,1,0
2012,21,2,0
2012,21,3,0
2012,21,3,1
2012,22,0,1
2012,22,3,0
2012,22,1,1
2012,22,0,0
2012,22,2,1
2012,22,1,0
2012,22,1,3
2012,22,1,1
2012,22,3,1
2012,22,3,1
2012,23,2,2
2012,23,3,0
2012,23,3,1
2012,23,3,1
2012,23,0,0
2012,23,0,1
2012,23,1,1
2012,23,3,0
2012,23,2,1
2012,23,0,4
2012,24,1,1
2012,24,0,2
2012,24,2,0
2012,24,1,1
2012,24,1,2
2012,24,3,1
2012,24,2,0
2012,24,1,0
2012,24,2,0
2012,24,1,1
2012,25,1,2
2012,25,3,1
2012,25,0,2
2012,25,1,1
2012,25,1,2
2012,25,1,0
2012,25,2,1
2012,25,1,1
2012,25,2,2
2012,25,0,0
2012,26,2,1
2012,26,1,3
2012,26,1,3
2012,26,2,2
2012,26,1,0
2012,26,0,0
2012,26,1,2
2012,26,3,1
2012,26,0,0
2012,26,1,0
2012,27,2,0
2012,27,1,1
2012,27,3,1
2012,27,0,0
2012,27,3,0
2012,27,0,1
2012,27,3,0
2012,27,1,1
2012,27,2,0
2012,27,1,1
2012,28,0,0
2012,28,5,1
2012,28,1,0
2012,28,3,0
2012,28,0,1
2012,28,1,1
2012,28,2,1
2012,28,1,0
2012,28,2,1
2012,28,6,0
2012,29,0,2
2012,29,2,0
2012,29,2,1
2012,29,3,1
2012,29,0,2
2012,29,3,0
2012,29,0,2
2012,29,3,2
2012,29,0,1
2012,29,1,3
2012,30,3,1
2012,30,1,1
2012,30,1,1
2012,30,2,0
2012,30,2,0
2012,30,2,1
2012,30,2,1
2012,30,1,0
2012,30,2,1
2012,30,1,1
2012,31,0,1
2012,31,2,2
2012,31,2,1
2012,31,2,3
2012,31,2,2
2012,31,2,0
2012,31,0,0
2012,31,3,2
2012,31,2,0
2012,31,3,1
2012,32,0,0
2012,32,1,1
2012,32,2,0
2012,32,1,0
2012,32,3,2
2012,32,0,0
2012,32,1,0
2012,32,0,1
2012,32,1,2
2012,32,0,2
2012,33,2,1
2012,33,0,0
2012,33,1,0
2012,33,1,0
2012,33,2,1
2012,33,4,0
2012,33,0,0
2012,33,2,4
2012,33,1,1
2012,33,1,1
2012,34,1,0
2012,34,0,4
2012,34,1,0
2012,34,0,2
2012,34,0,3
2012,34,1,1
2012,34,2,2
2012,34,0,1
2012,34,1,0
2012,34,3,0
2012,35,3,0
2012,35,2,1
2012,35,5,1
2012,35,1,1
2012,35,2,3
2012,35,2,1
2012,35,0,1
2012,35,1,0
2012,35,1,1
2012,35,3,1
2012,36,2,0
2012,36,1,2
2012,36,1,1
2012,36,0,2
2012,36,2,1
2012,36,2,2
2012,36,1,0
2012,36,2,0
2012,36,0,2
2012,36,2,2
2012,37,1,1
2012,37,1,1
2012,37,0,0
2012,37,1,1
2012,37,2,4
2012,37,1,1
2012,37,2,1
2012,37,0,2
2012,37,1,2
2012,37,2,3
2012,38,2,2
2012,38,3,1
2012,38,1,2
2012,38,3,1
2012,38,0,0
2012,38,3,2
2012,38,0,0
2012,38,3,0
2012,38,1,0
2012,38,0,1
2013,1,1,0
2013,1,2,2
2013,1,1,1
2013,1,2,0
2013,1,0,2
2013,1,3,1
2013,1,0,0
2013,1,2,1
2013,1,5,0
2013,1,2,1
2013,2,2,2
2013,2,2,1
2013,2,5,1
2013,2,0,2
2013,2,0,0
2013,2,0,3
2013,2,1,1
2013,2,2,0
2013,2,2,0
2013,2,2,1
2013,3,2,2
2013,3,1,1
2013,3,2,1
2013,3,1,1
2013,3,2,0
2013,3,1,0
2013,3,3,0
2013,3,1,2
2013,3,2,2
2013,3,0,0
2013,4,1,1
2013,4,0,1
2013,4,3,1
2013,4,3,4
2013,4,1,0
2013,4,2,0
2013,4,0,1
2013,4,2,1
2013,4,1,0
2013,4,2,1
2013,5,2,2
2013,5,0,3
2013,5,1,1
2013,5,0,0
2013,5,0,2
2013,5,3,2
2013,5,1,0
2013,5,2,1
2013,5,1,0
2013,5,1,1
2013,6,2,2
2013,6,1,3
2013,6,1,1
2013,6,1,1
2013,6,1,0
2013,6,5,3
2013,6,0,2
2013,6,0,2
2013,6,1,0
2013,6,3,2
2013,7,2,3
2013,7,4,1
2013,7,0,0
2013,7,3,2
2013,7,2,1
2013,7,0,1
2013,7,1,0
2013,7,0,0
2013,7,3,0
2013,7,0,1
2013,8,2,0
2013,8,0,3
2013,8,2,1
2013,8,0,0
2013,8,1,0
2013,8,1,1
2013,8,2,2
2013,8,1,3
2013,8,2,1
2013,8,4,0
2013,9,3,2
2013,9,2,3
2013,9,1,0
2013,9,2,0
2013,9,3,0
2013,9,0,0
2013,9,4,1
2013,9,1,1
2013,9,1,1
2013,9,2,1
2013,10,1,0
2013,10,1,2
2013,10,1,1
2013,10,5,3
2013,10,2,0
2013,10,3,0
2013,10,2,0
2013,10,1,1
2013,10,0,1
2013,10,1,2
2013,11,1,2
2013,11,1,0
2013,11,2,0
2013,11,1,1
2013,11,0,2
2013,11,1,1
2013,11,3,0
2013,11,2,3
2013,11,2,1
2013,11,1,1
2013,12,0,1
2013,12,1,1
2013,12,1,2
2013,12,1,1
2013,12,1,0
2013,12,2,2
2013,12,1,1
2013,12,2,1
2013,12,0,1
2013,12,1,1
2013,13,0,0
2013,13,1,1
2013,13,2,3
2013,13,2,0
2013,13,0,0
2013,13,0,1
2013,13,3,1
2013,13,0,3
2013,13,2,2
2013,13,2,1
2013,14,2,0
2013,14,1,1
2013,14,3,0
2013,14,3,1
2013,14,1,1
2013,14,1,1
2013,14,0,0
2013,14,3,1
2013,14,1,1
2013,14,3,3
2013,15,0,1
2013,15,5,1
2013,15,2,3
2013,15,0,1
2013,15,1,3
2013,15,1,0
2013,15,0,0
2013,15,0,0
2013,15,0,0
2013,15,2,1
2013,16,0,1
2013,16,0,2
2013,16,2,0
2013,16,2,1
2013,16,2,1
2013,16,2,0
2013,16,1,1
2013,16,2,1
2013,16,3,3
2013,16,2,0
2013,17,1,4
2013,17,4,2
2013,17,1,0
2013,17,0,0
2013,17,0,2
2013,17,0,0
2013,17,0,1
2013,17,0,0
2013,17,4,0
2013,17,5,3
2013,18,2,0
2013,18,2,1
2013,18,2,1
2013,18,2,1
2013,18,1,0
2013,18,2,2
2013,18,1,3
2013,18,3,1
2013,18,1,2
2013,18,0,3
2013,19,1,0
2013,19,1,0
2013,19,1,1
2013,19,1,3
2013,19,3,2
2013,19,2,0
2013,19,1,0
2013,19,0,0
2013,19,0,0
2013,19,1,2
2013,20,1,1
2013,20,2,2
2013,20,1,2
2013,20,1,0
2013,20,0,2
2013,20,2,0
2013,20,2,2
2013,20,1,0
2013,20,3,0
2013,20,2,1
2013,21,1,0
2013,21,2,1
2013,21,0,2
2013,21,1,2
2013,21,1,1
2013,21,0,1
2013,21,2,2
2013,21,1,2
2013,21,2,1
2013,21,0,1
2013,22,1,2
2013,22,1,1
2013,22,1,2
2013,22,2,2
2013,22,1,0
2013,22,2,0
2013,22,3,0
2013,22,2,4
2013,22,3,0
2013,22,2,0
2013,23,1,1
2013,23,0,0
2013,23,0,1
2013,23,0,0
2013,23,1,0
2013,23,1,2
2013,23,0,0
2013,23,2,1
2013,23,2,1
2013,23,1,0
2013,24,3,0
2013,24,1,2
2013,24,0,1
2013,24,0,0
2013,24,4,0
2013,24,0,1
2013,24,4,1
2013,24,1,2
2013,24,3,1
2013,24,3,5
2013,25,1,1
2013,25,1,2
2013,25,1,0
2013,25,4,0
2013,25,1,1
2013,25,2,1
2013,25,3,0
2013,25,2,0
2013,25,0,2
2013,25,3,1
2013,26,0,1
2013,26,3,2
2013,26,1,1
2013,26,1,0
2013,26,1,4
2013,26,0,0
2013,26,2,1
2013,26,1,1
2013,26,1,1
2013,26,3,0
2013,27,1,2
2013,27,1,0
2013,27,2,0
2013,27,2,0
2013,27,1,3
2013,27,0,2
2013,27,0,0
2013,27,1,0
2013,27,1,2
2013,27,2,1
2013,28,1,1
2013,28,2,1
2013,28,2,1
2013,28,1,0
2013,28,3,2
2013,28,4,1
2013,28,0,0
2013,28,2,1
2013,28,3,1
2013,28,1,0
2013,29,1,0
2013,29,0,0
2013,29,1,3
2013,29,3,0
2013,29,1,0
2013,29,2,1
2013,29,1,0
2013,29,1,0
2013,29,0,2
2013,29,1,0
2013,30,1,1
2013,30,1,5
2013,30,1,0
2013,30,3,0
2013,30,1,0
2013,30,2,2
2013,30,0,1
2013,30,2,2
2013,30,2,1
2013,30,1,1
2013,31,1,0
2013,31,5,3
2013,31,1,1
2013,31,1,1
2013,31,2,3
2013,31,2,1
2013,31,0,0
2013,31,4,0
2013,31,0,2
2013,31,2,3
2013,32,2,1
2013,32,2,1
2013,32,5,0
2013,32,1,1
2013,32,0,0
2013,32,1,0
2013,32,0,1
2013,32,1,0
2013,32,1,1
2013,32,1,0
2013,33,0,0
2013,33,0,0
2013,33,1,1
2013,33,2,1
2013,33,0,3
2013,33,3,0
2013,33,3,0
2013,33,2,2
2013,33,1,0
2013,33,0,1
2013,34,1,0
2013,34,2,0
2013,34,2,1
2013,34,0,0
2013,34,0,1
2013,34,2,0
2013,34,1,3
2013,34,3,0
2013,34,2,0
2013,34,2,1
2013,35,4,0
2013,35,1,2
2013,35,2,0
2013,35,2,2
2013,35,2,1
2013,35,0,0
2013,35,2,1
2013,35,3,1
2013,35,0,1
2013,35,2,0
2013,36,2,1
2013,36,1,1
2013,36,4,1
2013,36,6,1
2013,36,1,0
2013,36,1,1
2013,36,1,0
2013,36,1,1
2013,36,1,0
2013,36,0,0
2013,37,2,2
2013,37,0,0
2013,37,1,0
2013,37,1,2
2013,37,2,1
2013,37,0,2
2013,37,4,2
2013,37,2,0
2013,37,1,0
2013,37,2,1
2013,38,1,1
2013,38,1,0
2013,38,3,0
2013,38,0,1
2013,38,1,2
2013,38,0,0
2013,38,0,3
2013,38,2,2
2013,38,5,1
2013,38,0,0
2014,1,3,0
2014,1,1,0
2014,1,0,0
2014,1,3,0
2014,1,1,0
2014,1,0,0
2014,1,1,2
2014,1,0,0
2014,1,1,2
2014,1,1,1
2014,2,0,0
2014,2,0,1
2014,2,2,2
2014,2,2,0
2014,2,1,1
2014,2,2,2
2014,2,1,0
2014,2,2,1
2014,2,0,2
2014,2,2,1
2014,3,0,0
2014,3,2,3
2014,3,2,2
2014,3,1,2
2014,3,4,2
2014,3,1,0
2014,3,2,1
2014,3,1,0
2014,3,0,1
2014,3,0,1
2014,4,2,1
2014,4,2,0
2014,4,6,0
2014,4,2,0
2014,4,2,1
2014,4,1,2
2014,4,1,1
2014,4,0,1
2014,4,1,1
2014,4,0,2
2014,5,2,0
2014,5,3,2
2014,5,1,1
2014,5,1,0
2014,5,0,2
2014,5,0,1
2014,5,1,2
2014,5,0,1
2014,5,0,0
2014,5,1,0
2014,6,1,1
2014,6,1,1
2014,6,1,0
2014,6,2,0
2014,6,1,1
2014,6,2,1
2014,6,5,2
2014,6,1,0
2014,6,2,2
2014,6,2,3
2014,7,0,1
2014,7,1,0
2014,7,0,1
2014,7,1,4
2014,7,0,0
2014,7,2,0
2014,7,1,3
2014,7,2,0
2014,7,0,0
2014,7,1,1
2014,8,0,0
2014,8,1,0
2014,8,0,2
2014,8,2,0
2014,8,0,0
2014,8,2,0
2014,8,2,2
2014,8,1,0
2014,8,1,1
2014,8,0,2
2014,9,3,0
2014,9,2,1
2014,9,0,1
2014,9,2,1
2014,9,0,0
2014,9,3,0
2014,9,2,0
2014,9,1,1
2014,9,1,3
2014,9,1,0
2014,10,0,2
2014,10,1,0
2014,10,0,0
2014,10,0,2
2014,10,3,2
2014,10,1,2
2014,10,2,1
2014,10,2,0
2014,10,3,1
2014,10,1,1
2014,11,0,1
2014,11,0,1
2014,11,1,1
2014,11,1,0
2014,11,4,0
2014,11,1,2
2014,11,0,0
2014,11,0,0
2014,11,2,0
2014,11,1,0
2014,12,3,0
2014,12,1,3
2014,12,5,0
2014,12,0,1
2014,12,2,1
2014,12,0,3
2014,12,2,1
2014,12,2,0
2014,12,2,3
2014,12,1,0
2014,13,1,1
2014,13,1,1
2014,13,2,1
2014,13,3,0
2014,13,1,0
2014,13,0,0
2014,13,1,1
2014,13,3,1
2014,13,1,0
2014,13,2,0
2014,14,0,0
2014,14,1,0
2014,14,1,1
2014,14,2,0
2014,14,2,0
2014,14,0,1
2014,14,1,0
2014,14,2,1
2014,14,3,1
2014,14,0,1
2014,15,0,1
2014,15,1,1
2014,15,2,0
2014,15,0,0
2014,15,3,0
2014,15,0,1
2014,15,1,2
2014,15,1,1
2014,15,2,2
2014,15,2,0
2014,16,2,1
2014,16,1,0
2014,16,2,0
2014,16,0,0
2014,16,2,0
2014,16,0,1
2014,16,1,0
2014,16,2,1
2014,16,5,2
2014,16,1,0
2014,17,1,0
2014,17,1,0
2014,17,1,0
2014,17,4,0
2014,17,2,1
2014,17,0,1
2014,17,2,1
2014,17,0,2
2014,17,0,0
2014,17,0,1
2014,18,0,1
2014,18,4,2
2014,18,1,1
2014,18,1,0
2014,18,0,0
2014,18,1,1
2014,18,2,0
2014,18,1,2
2014,18,1,0
2014,18,3,1
2014,19,0,1
2014,19,3,1
2014,19,0,0
2014,19,0,0
2014,19,1,0
2014,19,2,0
2014,19,3,3
2014,19,1,1
2014,19,0,0
2014,19,2,3
2014,20,1,0
2014,20,1,0
2014,20,1,1
2014,20,3,1
2014,20,3,0
2014,20,1,0
2014,20,2,4
2014,20,2,0
2014,20,1,0
2014,20,2,1
2014,21,3,0
2014,21,3,1
2014,21,2,1
2014,21,1,0
2014,21,2,0
2014,21,2,0
2014,21,3,0
2014,21,1,0
2014,21,0,0
2014,21,2,0
2014,22,2,0
2014,22,3,1
2014,22,1,1
2014,22,0,0
2014,22,2,3
2014,22,2,2
2014,22,3,1
2014,22,2,3
2014,22,1,1
2014,22,0,0
2014,23,0,1
2014,23,1,1
2014,23,2,1
2014,23,2,3
2014,23,1,1
2014,23,3,2
2014,23,1,0
2014,23,3,1
2014,23,1,0
2014,23,6,0
2014,24,1,2
2014,24,3,0
2014,24,1,0
2014,24,3,0
2014,24,0,0
2014,24,2,2
2014,24,1,0
2014,24,1,0
2014,24,2,0
2014,24,3,2
2014,25,1,1
2014,25,0,0
2014,25,1,3
2014,25,1,0
2014,25,2,0
2014,25,2,1
2014,25,0,2
2014,25,4,2
2014,25,3,1
2014,25,2,0
2014,26,4,2
2014,26,0,1
2014,26,2,1
2014,26,1,0
2014,26,1,1
2014,26,0,1
2014,26,2,1
2014,26,3,0
2014,26,3,1
2014,26,1,0
2014,27,0,1
2014,27,1,0
2014,27,1,0
2014,27,2,2
2014,27,2,0
2014,27,1,2
2014,27,0,1
2014,27,1,0
2014,27,0,0
2014,27,5,0
2014,28,1,1
2014,28,3,0
2014,28,2,1
2014,28,2,1
2014,28,0,1
2014,28,1,0
2014,28,3,0
2014,28,3,0
2014,28,1,2
2014,28,3,0
2014,29,0,0
2014,29,4,2
2014,29,2,1
2014,29,1,0
2014,29,1,2
2014,29,4,0
2014,29,2,1
2014,29,1,3
2014,29,0,1
2014,29,1,1
2014,30,1,1
2014,30,2,0
2014,30,2,1
2014,30,1,1
2014,30,0,1
2014,30,2,0
2014,30,1,0
2014,30,0,1
2014,30,0,0
2014,30,0,1
2014,31,1,1
2014,31,1,1
2014,31,2,1
2014,31,1,1
2014,31,3,2
2014,31,3,1
2014,31,1,1
2014,31,2,0
2014,31,2,1
2014,31,3,0
2014,32,1,0
2014,32,0,2
2014,32,2,2
2014,32,1,0
2014,32,1,2
2014,32,2,1
2014,32,1,2
2014,32,3,0
2014,32,1,0
2014,32,0,1
2014,33,0,2
2014,33,1,0
2014,33,0,2
2014,33,1,0
2014,33,4,1
2014,33,1,2
2014,33,2,2
2014,33,3,1
2014,33,1,0
2014,33,3,0
2014,34,1,0
2014,34,0,3
2014,34,1,2
2014,34,1,0
2014,34,0,1
2014,34,3,2
2014,34,0,1
2014,34,1,1
2014,34,2,0
2014,34,0,1
2014,35,1,1
2014,35,1,1
2014,35,0,1
2014,35,0,1
2014,35,1,1
2014,35,0,1
2014,35,0,2
2014,35,4,0
2014,35,1,4
2014,35,1,2
2014,36,2,1
2014,36,1,2
2014,36,2,1
2014,36,2,0
2014,36,0,1
2014,36,2,2
2014,36,1,1
2014,36,2,0
2014,36,1,0
2014,36,2,0
2014,37,2,2
2014,37,3,1
2014,37,4,0
2014,37,1,1
2014,37,5,2
2014,37,1,1
2014,37,2,0
2014,37,1,0
2014,37,1,2
2014,37,1,0
2014,38,1,2
2014,38,2,1
2014,38,0,1
2014,38,1,1
2014,38,1,0
2014,38,2,1
2014,38,3,2
2014,38,1,1
2014,38,0,0
2014,38,4,2
2015,1,2,2
2015,1,2,1
2015,1,1,0
2015,1,3,3
2015,1,2,1
2015,1,0,1
2015,1,3,0
2015,1,4,1
2015,1,0,0
2015,1,1,1
2015,2,2,0
2015,2,2,0
2015,2,1,0
2015,2,0,0
2015,2,2,2
2015,2,1,0
2015,2,4,1
2015,2,0,0
2015,2,1,0
2015,2,1,0
2015,3,3,0
2015,3,1,1
2015,3,1,0
2015,3,0,1
2015,3,1,0
2015,3,0,0
2015,3,1,0
2015,3,2,1
2015,3,1,1
2015,3,1,0
2015,4,3,1
2015,4,1,2
2015,4,1,2
2015,4,2,2
2015,4,1,1
2015,4,3,0
2015,4,0,0
2015,4,0,2
2015,4,2,3
2015,4,2,1
2015,5,0,3
2015,5,1,0
2015,5,2,0
2015,5,3,2
2015,5,3,1
2015,5,1,0
2015,5,1,4
2015,5,2,0
2015,5,1,0
2015,5,1,1
2015,6,2,2
2015,6,1,0
2015,6,1,3
2015,6,2,0
2015,6,2,0
2015,6,0,1
2015,6,2,0
2015,6,0,0
2015,6,2,1
2015,6,0,1
2015,7,2,2
2015,7,0,1
2015,7,0,1
2015,7,2,1
2015,7,1,3
2015,7,2,1
2015,7,0,0
2015,7,2,1
2015,7,2,1
2015,7,1,1
2015,8,0,0
2015,8,2,1
2015,8,1,0
2015,8,0,2
2015,8,1,0
2015,8,0,1
2015,8,1,1
2015,8,2,2
2015,8,2,1
2015,8,2,0
2015,9,1,2
2015,9,1,1
2015,9,2,1
2015,9,1,0
2015,9,1,2
2015,9,2,1
2015,9,1,0
2015,9,4,0
2015,9,1,0
2015,9,1,0
2015,10,1,0
2015,10,3,0
2015,10,2,0
2015,10,2,0
2015,10,0,1
2015,10,2,1
2015,10,1,0
2015,10,2,0
2015,10,3,1
2015,10,2,1
2015,11,0,0
2015,11,1,0
2015,11,2,0
2015,11,2,2
2015,11,0,0
2015,11,1,3
2015,11,0,0
2015,11,1,3
2015,11,1,2
2015,11,0,2
2015,12,0,0
2015,12,4,1
2015,12,1,0
2015,12,3,0
2015,12,0,2
2015,12,0,4
2015,12,1,2
2015,12,2,1
2015,12,2,0
2015,12,1,0
2015,13,2,0
2015,13,3,0
2015,13,0,2
2015,13,3,1
2015,13,0,3
2015,13,1,0
2015,13,1,2
2015,13,0,2
2015,13,2,1
2015,13,2,2
2015,14,1,0
2015,14,2,1
2015,14,1,0
2015,14,1,0
2015,14,1,0
2015,14,1,2
2015,14,0,0
2015,14,2,0
2015,14,1,1
2015,14,1,1
2015,15,1,2
2015,15,1,1
2015,15,1,0
2015,15,2,0
2015,15,2,1
2015,15,0,1
2015,15,0,0
2015,15,1,1
2015,15,1,0
2015,15,1,4
2015,16,3,0
2015,16,3,1
2015,16,1,0
2015,16,0,1
2015,16,1,1
2015,16,2,0
2015,16,2,2
2015,16,3,1
2015,16,0,0
2015,16,0,0
2015,17,1,0
2015,17,3,0
2015,17,1,1
2015,17,0,0
2015,17,0,0
2015,17,2,1
2015,17,1,0
2015,17,1,1
2015,17,2,2
2015,17,5,0
2015,18,3,2
2015,18,2,1
2015,18,0,0
2015,18,1,0
2015,18,4,3
2015,18,1,0
2015,18,0,2
2015,18,2,0
2015,18,3,0
2015,18,0,2
2015,19,0,1
2015,19,0,0
2015,19,0,3
2015,19,4,2
2015,19,2,1
2015,19,0,0
2015,19,1,2
2015,19,1,1
2015,19,2,1
2015,19,2,1
2015,20,3,0
2015,20,5,2
2015,20,2,1
2015,20,0,0
2015,20,1,0
2015,20,3,0
2015,20,2,1
2015,20,2,0
2015,20,2,1
2015,20,2,1
2015,21,0,1
2015,21,3,0
2015,21,3,0
2015,21,0,0
2015,21,3,2
2015,21,1,3
2015,21,1,2
2015,21,0,1
2015,21,0,1
2015,21,3,0
2015,22,1,2
2015,22,6,0
2015,22,0,0
2015,22,3,0
2015,22,0,1
2015,22,0,0
2015,22,1,0
2015,22,2,0
2015,22,3,1
2015,22,0,2
2015,23,2,0
2015,23,1,2
2015,23,0,0
2015,23,5,1
2015,23,0,0
2015,23,0,2
2015,23,1,3
2015,23,2,1
2015,23,3,3
2015,23,1,1
2015,24,1,0
2015,24,2,0
2015,24,0,1
2015,24,1,1
2015,24,1,1
2015,24,3,0
2015,24,1,1
2015,24,1,0
2015,24,2,0
2015,24,0,0
2015,25,0,1
2015,25,2,0
2015,25,3,0
2015,25,3,1
2015,25,2,0
2015,25,1,2
2015,25,1,1
2015,25,1,3
2015,25,1,0
2015,25,2,1
2015,26,1,4
2015,26,1,1
2015,26,1,2
2015,26,0,1
2015,26,1,2
2015,26,4,0
2015,26,2,1
2015,26,2,2
2015,26,0,0
2015,26,0,2
2015,27,1,1
2015,27,3,2
2015,27,3,1
2015,27,2,0
2015,27,3,0
2015,27,2,1
2015,27,4,1
2015,27,2,1
2015,27,2,0
2015,27,0,2
2015,28,2,0
2015,28,3,1
2015,28,1,2
2015,28,3,1
2015,28,1,1
2015,28,1,2
2015,28,1,3
2015,28,2,2
2015,28,3,0
2015,28,2,0
2015,29,0,3
2015,29,2,1
2015,29,1,0
2015,29,1,1
2015,29,2,0
2015,29,2,3
2015,29,3,1
2015,29,0,0
2015,29,2,2
2015,29,5,1
2015,30,3,0
2015,30,2,1
2015,30,0,1
2015,30,3,1
2015,30,3,0
2015,30,2,2
2015,30,2,0
2015,30,1,1
2015,30,3,0
2015,30,1,0
2015,31,1,3
2015,31,1,0
2015,31,3,0
2015,31,2,0
2015,31,0,1
2015,31,1,4
2015,31,2,2
2015,31,3,1
2015,31,2,3
2015,31,4,1
2015,32,0,1
2015,32,0,0
2015,32,1,0
2015,32,0,2
2015,32,1,0
2015,32,0,0
2015,32,1,2
2015,32,0,0
2015,32,0,1
2015,32,2,1
2015,33,3,0
2015,33,1,0
2015,33,1,1
2015,33,1,1
2015,33,2,0
2015,33,0,3
2015,33,2,1
2015,33,0,0
2015,33,0,1
2015,33,2,1
2015,34,1,0
2015,34,2,1
2015,34,2,1
2015,34,2,3
2015,34,0,2
2015,34,4,1
2015,34,2,1
2015,34,0,1
2015,34,0,0
2015,34,1,0
2015,35,3,0
2015,35,1,3
2015,35,3,3
2015,35,0,1
2015,35,2,1
2015,35,1,0
2015,35,1,0
2015,35,1,1
2015,35,4,2
2015,35,0,0
2015,36,1,1
2015,36,1,2
2015,36,6,1
2015,36,1,0
2015,36,2,2
2015,36,0,0
2015,36,1,1
2015,36,1,0
2015,36,0,0
2015,36,3,1
2015,37,3,2
2015,37,1,1
2015,37,1,0
2015,37,2,0
2015,37,2,1
2015,37,3,0
2015,37,1,0
2015,37,0,2
2015,37,1,3
2015,37,3,0
2015,38,1,1
2015,38,5,1
2015,38,0,1
2015,38,1,2
2015,38,2,0
2015,38,3,0
2015,38,1,0
2015,38,0,0
2015,38,0,1
2015,38,0,2
2016,1,4,0
2016,1,1,0
2016,1,1,0
2016,1,1,0
2016,1,0,1
2016,1,4,1
2016,1,0,0
2016,1,0,0
2016,1,0,1
2016,1,0,0
2016,2,2,1
2016,2,2,2
2016,2,2,2
2016,2,1,1
2016,2,2,1
2016,2,3,1
2016,2,1,2
2016,2,1,0
2016,2,3,2
2016,2,1,1
2016,3,2,1
2016,3,2,2
2016,3,2,2
2016,3,1,1
2016,3,1,1
2016,3,4,1
2016,3,2,0
2016,3,3,0
2016,3,1,0
2016,3,0,3
2016,4,1,1
2016,4,2,1
2016,4,1,1
2016,4,1,2
2016,4,0,2
2016,4,1,0
2016,4,1,0
2016,4,1,1
2016,4,2,0
2016,4,0,1
2016,5,1,0
2016,5,3,4
2016,5,0,1
2016,5,1,0
2016,5,0,1
2016,5,1,0
2016,5,1,1
2016,5,1,2
2016,5,1,0
2016,5,4,3
2016,6,1,0
2016,6,0,0
2016,6,2,1
2016,6,1,0
2016,6,3,0
2016,6,1,2
2016,6,1,0
2016,6,4,4
2016,6,1,0
2016,6,0,1
2016,7,3,1
2016,7,2,1
2016,7,1,1
2016,7,1,2
2016,7,3,2
2016,7,1,1
2016,7,1,0
2016,7,2,3
2016,7,1,0
2016,7,0,2
2016,8,3,3
2016,8,3,2
2016,8,2,0
2016,8,2,0
2016,8,1,0
2016,8,3,1
2016,8,0,1
2016,8,2,2
2016,8,2,0
2016,8,1,0
2016,9,3,1
2016,9,1,0
2016,9,2,1
2016,9,1,2
2016,9,3,0
2016,9,3,1
2016,9,2,2
2016,9,3,2
2016,9,2,1
2016,9,2,0
2016,10,2,0
2016,10,0,0
2016,10,0,4
2016,10,0,0
2016,10,0,1
2016,10,2,4
2016,10,2,1
2016,10,1,2
2016,10,0,0
2016,10,1,1
2016,11,2,1
2016,11,2,1
2016,11,0,1
2016,11,1,1
2016,11,1,2
2016,11,3,0
2016,11,2,3
2016,11,2,0
2016,11,5,1
2016,11,0,0
2016,12,3,2
2016,12,3,2
2016,12,1,0
2016,12,3,2
2016,12,1,0
2016,12,2,1
2016,12,0,2
2016,12,0,3
2016,12,4,0
2016,12,5,3
2016,13,0,0
2016,13,1,0
2016,13,2,2
2016,13,0,1
2016,13,3,0
2016,13,2,1
2016,13,4,0
2016,13,1,0
2016,13,1,1
2016,13,1,3
2016,14,0,0
2016,14,0,2
2016,14,2,1
2016,14,2,0
2016,14,2,1
2016,14,3,0
2016,14,1,0
2016,14,0,0
2016,14,0,3
2016,14,1,1
2016,15,3,3
2016,15,3,1
2016,15,0,3
2016,15,2,0
2016,15,0,1
2016,15,1,1
2016,15,1,1
2016,15,1,1
2016,15,4,2
2016,15,2,1
2016,16,1,1
2016,16,0,1
2016,16,0,1
2016,16,2,2
2016,16,2,1
2016,16,1,0
2016,16,1,0
2016,16,1,2
2016,16,2,3
2016,16,2,1
2016,17,1,0
2016,17,2,0
2016,17,3,0
2016,17,3,0
2016,17,2,2
2016,17,2,0
2016,17,0,1
2016,17,0,2
2016,17,3,1
2016,17,0,0
2016,18,3,1
2016,18,1,1
2016,18,0,0
2016,18,2,0
2016,18,2,0
2016,18,1,2
2016,18,0,0
2016,18,4,2
2016,18,1,1
2016,18,3,2
2016,19,1,0
2016,19,1,0
2016,19,2,1
2016,19,3,1
2016,19,2,2
2016,19,1,2
2016,19,1,1
2016,19,3,1
2016,19,1,1
2016,19,2,1
2016,20,1,0
2016,20,2,0
2016,20,3,0
2016,20,1,0
2016,20,2,2
2016,20,3,0
2016,20,2,2
2016,20,0,1
2016,20,0,1
2016,20,1,0
2016,21,1,2
2016,21,3,0
2016,21,1,0
2016,21,2,1
2016,21,0,1
2016,21,1,1
2016,21,2,2
2016,21,2,1
2016,21,1,2
2016,21,2,1
2016,22,2,0
2016,22,2,0
2016,22,0,1
2016,22,1,1
2016,22,1,3
2016,22,0,2
2016,22,0,0
2016,22,2,1
2016,22,1,1
2016,22,1,0
2016,23,1,0
2016,23,1,0
2016,23,2,2
2016,23,2,1
2016,23,2,1
2016,23,2,1
2016,23,4,0
2016,23,3,0
2016,23,2,1
2016,23,0,2
2016,24,1,2
2016,24,3,1
2016,24,1,0
2016,24,2,1
2016,24,0,2
2016,24,2,1
2016,24,5,3
2016,24,0,0
2016,24,1,1
2016,24,4,2
2016,25,2,2
2016,25,0,1
2016,25,1,0
2016,25,3,0
2016,25,1,1
2016,25,1,1
2016,25,1,2
2016,25,1,0
2016,25,0,1
2016,25,1,0
2016,26,0,2
2016,26,2,0
2016,26,0,1
2016,26,2,2
2016,26,1,1
2016,26,0,1
2016,26,1,0
2016,26,3,2
2016,26,0,1
2016,26,1,0
2016,27,2,1
2016,27,1,0
2016,27,1,0
2016,27,3,0
2016,27,3,1
2016,27,0,1
2016,27,2,1
2016,27,1,0
2016,27,2,0
2016,27,3,1
2016,28,3,1
2016,28,2,0
2016,28,0,0
2016,28,1,4
2016,28,2,0
2016,28,1,2
2016,28,1,0
2016,28,1,0
2016,28,2,3
2016,28,3,0
2016,29,3,1
2016,29,0,1
2016,29,2,1
2016,29,0,0
2016,29,1,1
2016,29,1,0
2016,29,2,0
2016,29,0,2
2016,29,3,0
2016,29,0,1
2016,30,3,0
2016,30,0,0
2016,30,1,0
2016,30,2,4
2016,30,3,0
2016,30,0,0
2016,30,2,0
2016,30,0,1
2016,30,1,0
2016,30,1,2
2016,31,3,2
2016,31,2,1
2016,31,1,2
2016,31,2,0
2016,31,0,0
2016,31,2,0
2016,31,3,0
2016,31,1,1
2016,31,1,0
2016,31,1,2
2016,32,0,1
2016,32,2,0
2016,32,0,1
2016,32,2,2
2016,32,2,1
2016,32,0,0
2016,32,1,1
2016,32,3,0
2016,32,0,1
2016,32,1,0
2016,33,1,0
2016,33,2,2
2016,33,1,1
2016,33,2,2
2016,33,1,0
2016,33,0,0
2016,33,1,1
2016,33,1,0
2016,33,0,0
2016,33,1,0
2016,34,0,0
2016,34,4,0
2016,34,1,2
2016,34,1,0
2016,34,4,2
2016,34,1,0
2016,34,3,2
2016,34,2,0
2016,34,1,0
2016,34,0,3
2016,35,1,1
2016,35,0,2
2016,35,1,0
2016,35,1,1
2016,35,0,1
2016,35,0,1
2016,35,3,2
2016,35,1,1
2016,35,1,1
2016,35,1,1
2016,36,2,0
2016,36,4,0
2016,36,1,0
2016,36,2,2
2016,36,3,0
2016,36,1,0
2016,36,3,3
2016,36,2,0
2016,36,2,2
2016,36,1,0
2016,37,1,1
2016,37,2,2
2016,37,0,0
2016,37,2,0
2016,37,1,0
2016,37,1,2
2016,37,1,0
2016,37,1,0
2016,37,5,1
2016,37,0,1
2016,38,1,2
2016,38,1,1
2016,38,5,0
2016,38,1,0
2016,38,3,2
2016,38,0,1
2016,38,0,0
2016,38,2,0
2016,38,2,0
2017,1,1,1
2017,1,1,1
2017,1,3,2
2017,1,4,0
2017,1,1,0
2017,1,6,2
2017,1,4,0
2017,1,0,0
2017,1,2,0
2017,1,4,1
2017,2,1,0
2017,2,0,3
2017,2,1,0
2017,2,2,1
2017,2,1,2
2017,2,0,2
2017,2,0,1
2017,2,2,0
2017,2,1,1
2017,2,2,0
2017,3,3,2
2017,3,2,0
2017,3,0,1
2017,3,2,2
2017,3,1,1
2017,3,0,1
2017,3,0,1
2017,3,4,3
2017,3,1,0
2017,3,2,0
2017,4,1,0
2017,4,2,1
2017,4,2,0
2017,4,0,0
2017,4,1,0
2017,4,1,0
2017,4,2,0
2017,4,0,0
2017,4,0,2
2017,4,3,0
2017,5,1,1
2017,5,1,0
2017,5,1,0
2017,5,1,0
2017,5,2,0
2017,5,2,5
2017,5,3,0
2017,5,2,0
2017,5,3,6
2017,5,1,0
2017,6,3,1
2017,6,2,1
2017,6,2,2
2017,6,3,2
2017,6,2,0
2017,6,3,2
2017,6,1,1
2017,6,2,0
2017,6,0,2
2017,6,1,0
2017,7,0,1
2017,7,3,1
2017,7,2,2
2017,7,0,0
2017,7,2,0
2017,7,1,0
2017,7,1,0
2017,7,2,1
2017,7,0,0
2017,7,0,2
2017,8,0,1
2017,8,1,0
2017,8,0,0
2017,8,0,0
2017,8,1,2
2017,8,2,4
2017,8,2,2
2017,8,0,2
2017,8,1,3
2017,8,3,3
2017,9,0,2
2017,9,3,1
2017,9,1,0
2017,9,0,3
2017,9,2,2
2017,9,1,0
2017,9,1,0
2017,9,3,0
2017,9,2,0
2017,9,5,1
2017,10,0,1
2017,10,1,0
2017,10,1,2
2017,10,0,1
2017,10,4,1
2017,10,2,0
2017,10,1,1
2017,10,0,1
2017,10,0,1
2017,10,0,2
2017,11,1,0
2017,11,1,1
2017,11,2,0
2017,11,1,0
2017,11,3,1
2017,11,1,0
2017,11,0,0
2017,11,2,2
2017,11,0,0
2017,11,3,3
2017,12,1,2
2017,12,0,1
2017,12,2,0
2017,12,1,1
2017,12,3,1
2017,12,0,2
2017,12,1,1
2017,12,3,2
2017,12,1,1
2017,12,0,3
2017,13,0,3
2017,13,0,1
2017,13,0,1
2017,13,0,2
2017,13,1,4
2017,13,0,2
2017,13,3,0
2017,13,2,2
2017,13,0,1
2017,13,1,4
2017,14,2,2
2017,14,4,2
2017,14,0,0
2017,14,1,1
2017,14,3,1
2017,14,1,2
2017,14,2,0
2017,14,1,2
2017,14,1,1
2017,14,2,1
2017,15,1,3
2017,15,1,0
2017,15,4,0
2017,15,0,0
2017,15,2,2
2017,15,0,2
2017,15,1,0
2017,15,1,1
2017,15,4,0
2017,15,0,0
2017,16,1,2
2017,16,2,1
2017,16,3,0
2017,16,1,0
2017,16,0,1
2017,16,0,2
2017,16,1,2
2017,16,0,2
2017,16,1,1
2017,16,1,1
2017,17,3,4
2017,17,2,0
2017,17,1,2
2017,17,0,2
2017,17,1,3
2017,17,1,1
2017,17,0,0
2017,17,1,1
2017,17,0,1
2017,17,0,0
2017,18,2,2
2017,18,1,1
2017,18,0,2
2017,18,3,1
2017,18,1,2
2017,18,3,2
2017,18,0,1
2017,18,5,0
2017,18,1,2
2017,18,0,3
2017,19,3,1
2017,19,3,1
2017,19,0,2
2017,19,0,1
2017,19,0,0
2017,19,2,0
2017,19,2,0
2017,19,2,1
2017,19,0,0
2017,19,0,0
2017,20,1,0
2017,20,0,1
2017,20,3,2
2017,20,1,1
2017,20,2,0
2017,20,0,0
2017,20,4,1
2017,20,1,0
2017,20,0,0
2017,20,0,1
2017,21,0,1
2017,21,2,0
2017,21,0,0
2017,21,2,1
2017,21,2,0
2017,21,3,0
2017,21,1,1
2017,21,0,2
2017,21,0,0
2017,21,2,1
2017,22,0,1
2017,22,0,1
2017,22,2,0
2017,22,4,2
2017,22,1,2
2017,22,1,2
2017,22,1,1
2017,22,1,0
2017,22,0,1
2017,22,5,0
2017,23,1,1
2017,23,1,0
2017,23,2,2
2017,23,1,1
2017,23,2,0
2017,23,0,1
2017,23,2,2
2017,23,2,0
2017,23,1,2
2017,23,1,1
2017,24,2,0
2017,24,1,3
2017,24,1,1
2017,24,0,1
2017,24,2,0
2017,24,1,0
2017,24,1,2
2017,24,3,1
2017,24,1,0
2017,24,1,0
2017,25,1,1
2017,25,1,0
2017,25,1,1
2017,25,1,0
2017,25,1,2
2017,25,2,3
2017,25,0,1
2017,25,1,3
2017,25,1,0
2017,25,1,1
2017,26,1,1
2017,26,1,1
2017,26,0,1
2017,26,2,3
2017,26,1,0
2017,26,1,1
2017,26,0,2
2017,26,1,0
2017,26,0,2
2017,26,1,0
2017,27,2,1
2017,27,2,2
2017,27,3,1
2017,27,1,0
2017,27,0,1
2017,27,1,2
2017,27,1,1
2017,27,1,2
2017,27,1,1
2017,27,2,2
2017,28,2,1
2017,28,1,0
2017,28,2,1
2017,28,1,0
2017,28,1,1
2017,28,1,3
2017,28,0,1
2017,28,0,1
2017,28,2,0
2017,28,2,2
2017,29,0,1
2017,29,1,0
2017,29,2,3
2017,29,1,1
2017,29,3,1
2017,29,0,0
2017,29,2,0
2017,29,2,3
2017,29,4,1
2017,29,1,1
2017,30,1,1
2017,30,2,1
2017,30,2,0
2017,30,1,3
2017,30,1,3
2017,30,2,1
2017,30,1,0
2017,30,1,2
2017,30,2,0
2017,30,2,1
2017,31,2,1
2017,31,0,0
2017,31,0,0
2017,31,1,1
2017,31,0,0
2017,31,1,0
2017,31,3,4
2017,31,1,1
2017,31,2,2
2017,31,2,2
2017,32,3,1
2017,32,1,2
2017,32,0,1
2017,32,4,0
2017,32,3,2
2017,32,3,1
2017,32,1,0
2017,32,2,0
2017,32,1,1
2017,32,1,1
2017,33,0,1
2017,33,1,2
2017,33,1,2
2017,33,0,1
2017,33,2,0
2017,33,1,2
2017,33,3,1
2017,33,2,2
2017,33,3,2
2017,33,2,2
2017,34,0,1
2017,34,1,0
2017,34,1,1
2017,34,1,1
2017,34,2,0
2017,34,2,0
2017,34,2,2
2017,34,3,1
2017,34,1,1
2017,34,2,0
2017,35,2,1
2017,35,1,0
2017,35,2,2
2017,35,1,1
2017,35,3,1
2017,35,2,1
2017,35,1,2
2017,35,5,1
2017,35,1,0
2017,35,3,1
2017,36,3,0
2017,36,0,0
2017,36,1,1
2017,36,1,1
2017,36,1,0
2017,36,3,1
2017,36,1,0
2017,36,3,0
2017,36,2,0
2017,36,2,1
2017,37,1,2
2017,37,1,1
2017,37,1,0
2017,37,2,2
2017,37,0,1
2017,37,1,2
2017,37,2,3
2017,37,0,1
2017,37,1,2
2017,37,2,0
2017,38,2,2
2017,38,2,1
2017,38,1,1
2017,38,1,1
2017,38,4,3
2017,38,3,0
2017,38,1,0
2017,38,1,2
2017,38,1,1
2017,38,2,1
2018,1,, 
2018,1,, 
2018,1,, 
2018,1,, 
2018,1,, 
2018,1,, 
2018,1,, 
2018,1,, 
2018,1,, 
2018,1,, 
2018,2,, 
2018,2,, 
2018,2,, 
2018,2,, 
2018,2,, 
2018,2,, 
2018,2,, 
2018,2,, 
2018,2,, 
2018,2,, 
2018,3,0,1
2018,3,2,2
2018,3,2,0
2018,3,3,0
2018,3,2,1
2018,3,2,1
2018,3,2,0
2018,3,5,1
2018,3,1,1
2018,3,1,0
2018,4,1,0
2018,4,2,0
2018,4,0,4
2018,4,1,1
2018,4,1,0
2018,4,0,0
2018,4,1,0
2018,4,2,1
2018,4,0,0
2018,4,1,1
2018,5,2,1
2018,5,0,0
2018,5,0,3
2018,5,0,0
2018,5,1,1
2018,5,1,2
2018,5,1,0
2018,5,0,0
2018,5,2,1
2018,5,1,1
2018,6,4,1
2018,6,2,2
2018,6,1,1
2018,6,2,0
2018,6,1,2
2018,6,1,3
2018,6,1,0
2018,6,2,0
2018,6,5,1
2018,6,1,1
2018,7,0,0
2018,7,2,0
2018,7,1,2
2018,7,3,2
2018,7,2,2
2018,7,2,3
2018,7,1,0
2018,7,3,1
2018,7,2,2
2018,7,2,1
2018,8,1,0
2018,8,1,1
2018,8,3,0
2018,8,2,1
2018,8,0,0
2018,8,1,0
2018,8,1,0
2018,8,1,1
2018,8,2,0
2018,8,3,0
2018,9,3,1
2018,9,2,3
2018,9,0,1
2018,9,0,0
2018,9,0,1
2018,9,2,1
2018,9,1,1
2018,9,3,0
2018,9,0,1
2018,9,1,3
2018,10,3,2
2018,10,2,3
2018,10,1,0
2018,10,3,2
2018,10,2,0
2018,10,0,0
2018,10,1,0
2018,10,2,0
2018,10,1,0
2018,10,2,0
2018,11,3,3
2018,11,0,0
2018,11,1,2
2018,11,3,1
2018,11,3,1
2018,11,0,2
2018,11,1,0
2018,11,5,2
2018,11,0,1
2018,11,2,1
2018,12,0,0
2018,12,1,0
2018,12,0,0
2018,12,1,1
2018,12,1,0
2018,12,1,1
2018,12,0,2
2018,12,0,2
2018,12,1,0
2018,12,1,3
2018,13,0,1
2018,13,2,0
2018,13,3,2
2018,13,0,0
2018,13,1,0
2018,13,5,2
2018,13,3,3
2018,13,2,2
2018,13,2,0
2018,13,1,2
2018,14,3,0
2018,14,0,0
2018,14,0,1
2018,14,0,0
2018,14,1,1
2018,14,2,0
2018,14,1,1
2018,14,2,1
2018,14,1,0
2018,14,3,1
2018,15,1,0
2018,15,1,0
2018,15,2,0
2018,15,2,0
2018,15,0,1
2018,15,3,1
2018,15,1,1
2018,15,1,1
2018,15,1,1
2018,15,2,2
2018,16,2,0
2018,16,3,1
2018,16,1,0
2018,16,4,1
2018,16,1,0
2018,16,1,2
2018,16,3,2
2018,16,2,1
2018,16,0,0
2018,16,1,0
2018,17,1,0
2018,17,2,0
2018,17,1,1
2018,17,2,0
2018,17,1,0
2018,17,1,0
2018,17,2,1
2018,17,2,1
2018,17,0,2
2018,17,1,0
2018,18,1,0
2018,18,3,0
2018,18,1,4
2018,18,4,1
2018,18,3,0
2018,18,0,2
2018,18,4,0
2018,18,0,1
2018,18,1,1
2018,18,2,2
2018,19,0,0
2018,19,2,0
2018,19,0,0
2018,19,2,1
2018,19,0,1
2018,19,0,0
2018,19,1,1
2018,19,1,1
2018,19,1,1
2018,19,0,1
2018,20,0,0
2018,20,1,0
2018,20,3,1
2018,20,1,1
2018,20,1,3
2018,20,2,1
2018,20,1,0
2018,20,4,0
2018,20,1,0
2018,20,0,3
2018,21,3,0
2018,21,0,1
2018,21,1,0
2018,21,3,0
2018,21,0,3
2018,21,1,1
2018,21,0,3
2018,21,2,0
2018,21,0,0
2018,21,1,1
2018,22,1,1
2018,22,1,1
2018,22,0,1
2018,22,0,2
2018,22,2,0
2018,22,1,1
2018,22,1,0
2018,22,1,0
2018,22,0,0
2018,22,2,1
2018,23,2,0
2018,23,1,0
2018,23,2,1
2018,23,2,0
2018,23,2,1
2018,23,1,0
2018,23,0,0
2018,23,1,0
2018,23,2,2
2018,23,3,1
2018,24,1,0
2018,24,4,0
2018,24,0,3
2018,24,1,1
2018,24,0,1
2018,24,2,0
2018,24,1,0
2018,24,1,1
2018,24,0,0
2018,24,1,2
2018,25,2,0
2018,25,1,1
2018,25,2,1
2018,25,1,1
2018,25,2,0
2018,25,2,1
2018,25,1,0
2018,25,0,0
2018,25,0,0
2018,25,2,1
2018,26,0,0
2018,26,1,0
2018,26,2,0
2018,26,1,0
2018,26,1,0
2018,26,0,0
2018,26,1,0
2018,26,1,0
2018,26,0,2
2018,26,3,1
2018,27,2,0
2018,27,2,0
2018,27,1,1
2018,27,1,0
2018,27,0,0
2018,27,0,0
2018,27,1,1
2018,27,3,1
2018,27,2,1
2018,27,2,1
2018,28,1,1
2018,28,3,2
2018,28,2,1
2018,28,3,0
2018,28,1,1
2018,28,3,4
2018,28,0,1
2018,28,2,1
2018,28,1,2
2018,28,2,1
2018,29,0,1
2018,29,0,0
2018,29,0,0
2018,29,3,1
2018,29,2,1
2018,29,5,2
2018,29,1,0
2018,29,2,2
2018,29,3,1
2018,29,1,1
2018,30,2,1
2018,30,0,3
2018,30,0,1
2018,30,4,0
2018,30,1,0
2018,30,0,2
2018,30,2,2
2018,30,4,0
2018,30,1,1
2018,30,0,2
2018,31,3,0
2018,31,1,0
2018,31,2,0
2018,31,0,1
2018,31,2,0
2018,31,3,1
2018,31,2,0
2018,31,4,0
2018,31,0,0
2018,31,0,0
2018,32,0,1
2018,32,1,1
2018,32,0,0
2018,32,2,1
2018,32,2,2
2018,32,1,0
2018,32,2,1
2018,32,3,0
2018,32,0,4
2018,32,2,2
2018,33,0,1
2018,33,1,1
2018,33,3,0
2018,33,3,4
2018,33,2,1
2018,33,1,1
2018,33,1,0
2018,33,3,1
2018,33,2,1
2018,33,2,1
2018,34,0,1
2018,34,0,1
2018,34,3,2
2018,34,1,1
2018,34,1,2
2018,34,2,2
2018,34,1,0
2018,34,1,0
2018,34,2,1
2018,34,1,0
2018,35,0,1
2018,35,1,1
2018,35,2,1
2018,35,2,0
2018,35,1,1
2018,35,2,1
2018,35,1,1
2018,35,2,2
2018,35,0,0
2018,35,0,1
2018,36,1,1
2018,36,0,1
2018,36,2,1
2018,36,3,0
2018,36,1,0
2018,36,0,0
2018,36,0,1
2018,36,1,0
2018,36,1,1
2018,36,2,0
2018,37,1,2
2018,37,1,0
2018,37,1,0
2018,37,1,0
2018,37,0,1
2018,37,2,1
2018,37,1,1
2018,37,2,0
2018,37,1,0
2018,37,0,0
2018,38,1,2
2018,38,1,1
2018,38,3,0
2018,38,1,0
2018,38,2,0
2018,38,4,0
2018,38,2,0
2018,38,1,0
2018,38,2,1
2018,38,2,0
2018,39,3,2
2018,39,0,2
2018,39,0,0
2018,39,0,1
2018,39,2,2
2018,39,1,0
2018,39,0,0
2018,39,2,0
2018,39,0,0
2018,39,2,1
2018,40,1,0
2018,40,1,2
2018,40,1,1
2018,40,1,0
2018,40,0,0
2018,40,1,0
2018,40,0,0
2018,40,2,1
2018,40,3,2
2018,40,1,0
2019,1,2,0
2019,1,2,1
2019,1,2,0
2019,1,3,1
2019,1,1,2
2019,1,4,0
2019,1,3,2
2019,1,4,1
2019,1,4,0
2019,1,0,1
2019,2,1,0
2019,2,1,1
2019,2,2,1
2019,2,1,0
2019,2,1,1
2019,2,2,1
2019,2,1,2
2019,2,1,2
2019,2,2,1
2019,2,3,2
2019,3,1,1
2019,3,1,0
2019,3,1,2
2019,3,1,1
2019,3,1,1
2019,3,2,1
2019,3,1,0
2019,3,0,0
2019,3,1,0
2019,3,4,5
2019,4,0,1
2019,4,0,0
2019,4,2,1
2019,4,2,1
2019,4,3,0
2019,4,0,2
2019,4,3,1
2019,4,0,1
2019,4,0,0
2019,4,1,0
2019,5,4,1
2019,5,2,1
2019,5,4,0
2019,5,0,0
2019,5,0,2
2019,5,1,3
2019,5,1,0
2019,5,2,0
2019,5,1,1
2019,5,2,1
2019,6,0,1
2019,6,1,0
2019,6,0,0
2019,6,3,2
2019,6,1,2
2019,6,1,1
2019,6,1,0
2019,6,3,2
2019,6,1,2
2019,6,1,0
2019,7,2,0
2019,7,1,0
2019,7,1,0
2019,7,3,0
2019,7,0,1
2019,7,1,1
2019,7,2,0
2019,7,1,2
2019,7,4,0
2019,7,2,0
2019,8,2,1
2019,8,1,0
2019,8,1,0
2019,8,0,0
2019,8,0,0
2019,8,0,0
2019,8,3,1
2019,8,0,0
2019,8,1,2
2019,8,3,1
2019,9,0,1
2019,9,2,1
2019,9,1,0
2019,9,3,1
2019,9,0,2
2019,9,1,0
2019,9,2,0
2019,9,1,1
2019,9,2,1
2019,9,1,1
2019,10,2,1
2019,10,2,0
2019,10,0,1
2019,10,1,1
2019,10,6,1
2019,10,0,0
2019,10,1,0
2019,10,1,0
2019,10,1,2
2019,10,1,1
2019,11,2,1
2019,11,0,0
2019,11,1,1
2019,11,2,0
2019,11,0,4
2019,11,0,1
2019,11,2,2
2019,11,1,1
2019,11,0,0
2019,11,4,0
2019,12,1,1
2019,12,1,2
2019,12,0,2
2019,12,1,0
2019,12,0,0
2019,12,3,1
2019,12,3,2
2019,12,1,3
2019,12,0,0
2019,12,0,0
2019,13,2,1
2019,13,2,1
2019,13,6,1
2019,13,3,0
2019,13,0,2
2019,13,2,0
2019,13,0,0
2019,13,1,1
2019,13,3,3
2019,13,0,1
2019,14,4,1
2019,14,3,2
2019,14,3,1
2019,14,2,1
2019,14,0,0
2019,14,2,2
2019,14,2,1
2019,14,2,2
2019,14,0,1
2019,14,0,2
2019,15,0,1
2019,15,2,0
2019,15,1,4
2019,15,1,0
2019,15,1,1
2019,15,1,1
2019,15,0,1
2019,15,1,0
2019,15,2,0
2019,15,1,0
2019,16,0,1
2019,16,2,1
2019,16,3,3
2019,16,2,0
2019,16,2,1
2019,16,0,3
2019,16,1,1
2019,16,1,1
2019,16,0,0
2019,16,3,0
2019,17,0,0
2019,17,1,0
2019,17,0,1
2019,17,1,0
2019,17,3,2
2019,17,2,0
2019,17,3,0
2019,17,1,0
2019,17,1,0
2019,17,0,1
2019,18,2,2
2019,18,0,2
2019,18,0,1
2019,18,0,3
2019,18,1,0
2019,18,1,2
2019,18,1,4
2019,18,2,1
2019,18,1,1
2019,18,2,0
2019,19,1,0
2019,19,1,0
2019,19,1,2
2019,19,0,0
2019,19,1,3
2019,19,0,1
2019,19,3,0
2019,19,1,0
2019,19,1,1
2019,19,1,1
2019,20,1,2
2019,20,1,2
2019,20,2,1
2019,20,0,3
2019,20,1,0
2019,20,1,1
2019,20,1,0
2019,20,0,1
2019,20,3,0
2019,20,1,0
2019,21,0,0
2019,21,2,0
2019,21,0,1
2019,21,3,1
2019,21,6,2
2019,21,6,1
2019,21,1,1
2019,21,4,1
2019,21,0,1
2019,21,1,2
2019,22,0,0
2019,22,1,0
2019,22,2,0
2019,22,1,1
2019,22,2,1
2019,22,2,1
2019,22,1,1
2019,22,1,0
2019,22,1,0
2019,22,0,2
2019,23,2,1
2019,23,0,1
2019,23,1,2
2019,23,0,0
2019,23,1,1
2019,23,0,1
2019,23,0,1
2019,23,1,1
2019,23,0,1
2019,23,3,1
2019,24,3,1
2019,24,1,0
2019,24,2,0
2019,24,2,1
2019,24,0,0
2019,24,0,0
2019,24,2,0
2019,24,0,0
2019,24,2,2
2019,24,3,1
2019,25,1,0
2019,25,2,0
2019,25,1,0
2019,25,0,0
2019,25,1,0
2019,25,0,2
2019,25,1,0
2019,25,1,0
2019,25,1,4
2019,25,1,1
2019,26,2,2
2019,26,0,1
2019,26,1,2
2019,26,1,0
2019,26,1,0
2019,26,2,2
2019,26,2,1
2019,26,0,2
2019,26,2,1
2019,26,1,2
2019,27,2,1
2019,27,1,2
2019,27,0,1
2019,27,1,0
2019,27,2,0
2019,27,2,0
2019,27,1,1
2019,27,2,2
2019,27,1,2
2019,27,2,1
2019,28,1,1
2019,28,0,0
2019,28,2,3
2019,28,1,1
2019,28,1,1
2019,28,2,0
2019,28,4,1
2019,28,3,0
2019,28,1,2
2019,28,1,0
2019,29,3,0
2019,29,1,3
2019,29,0,2
2019,29,2,0
2019,29,1,3
2019,29,2,1
2019,29,1,0
2019,29,2,2
2019,29,0,2
2019,29,1,1
2019,30,2,2
2019,30,1,0
2019,30,0,0
2019,30,0,3
2019,30,4,1
2019,30,1,0
2019,30,2,0
2019,30,1,1
2019,30,4,1
2019,30,2,0
2019,31,3,2
2019,31,2,0
2019,31,1,2
2019,31,1,2
2019,31,1,1
2019,31,0,0
2019,31,2,0
2019,31,0,2
2019,31,0,1
2019,31,2,1
2019,32,0,3
2019,32,1,1
2019,32,0,0
2019,32,0,1
2019,32,2,1
2019,32,3,1
2019,32,1,0
2019,32,0,1
2019,32,0,3
2019,32,2,0
2019,33,1,1
2019,33,1,1
2019,33,0,1
2019,33,1,1
2019,33,0,0
2019,33,1,0
2019,33,1,0
2019,33,3,0
2019,33,1,1
2019,33,0,0
2019,34,4,4
2019,34,4,1
2019,34,4,3
2019,34,0,1
2019,34,1,2
2019,34,1,0
2019,34,0,1
2019,34,2,2
2019,34,1,1
2019,34,0,1
2019,35,0,1
2019,35,1,2
2019,35,1,1
2019,35,2,0
2019,35,3,0
2019,35,4,1
2019,35,1,0
2019,35,2,1
2019,35,1,0
2019,35,0,1
2019,36,0,1
2019,36,1,1
2019,36,1,2
2019,36,1,1
2019,36,1,3
2019,36,2,1
2019,36,1,2
2019,36,2,0
2019,36,3,0
2019,36,1,0
2019,37,1,0
2019,37,2,0
2019,37,0,1
2019,37,3,0
2019,37,2,1
2019,37,0,0
2019,37,5,1
2019,37,1,1
2019,37,2,0
2019,37,6,1
2019,38,2,1
2019,38,0,2
2019,38,2,1
2019,38,1,2
2019,38,4,0
2019,38,1,1
2019,38,1,1
2019,38,0,0
2019,38,3,2
2019,38,1,2
